取出情報,ダム
取出間隔,10分間隔
取出期間,　2024/06/25〜,,　2024/07/02

ダム名,厚東川ダム
洪水量,300.00
観測時刻,60分雨量,累加雨量,貯水位,貯水率,流入量,全放流量,調整流量
　2024/06/25 00:10,,,36.45,93.7,30.96,29.26,-1.70
　2024/06/25 00:20,,0,36.45,93.7,30.96,29.66,-1.30
　2024/06/25 00:30,,0,36.45,93.7,30.96,29.40,-1.56
　2024/06/25 00:40,,0,36.44,93.6,30.96,24.23,-6.73
　2024/06/25 00:50,,0,36.44,93.6,30.96,24.34,-6.62
　2024/06/25 01:00,0,0,36.44,93.6,30.96,24.05,-6.91
　2024/06/25 01:10,,0,36.44,93.6,30.96,24.01,-6.95
　2024/06/25 01:20,0,0,36.44,93.6,30.96,24.18,-6.78
　2024/06/25 01:30,0,0,36.44,93.6,30.96,24.35,-6.61
　2024/06/25 01:40,0,0,36.44,93.6,30.96,24.28,-6.68
　2024/06/25 01:50,0,0,36.44,93.6,30.96,24.35,-6.61
　2024/06/25 02:00,0,0,36.44,93.6,30.96,24.11,-6.85
　2024/06/25 02:10,0,0,36.44,93.6,30.96,24.14,-6.82
　2024/06/25 02:20,0,0,36.44,93.6,30.96,24.94,-6.02
　2024/06/25 02:30,0,0,36.44,93.6,30.96,24.40,-6.56
　2024/06/25 02:40,0,0,36.44,93.6,30.96,24.51,-6.45
　2024/06/25 02:50,0,0,36.44,93.6,30.96,24.02,-6.94
　2024/06/25 03:00,0,0,36.44,93.6,30.96,24.52,-6.44
　2024/06/25 03:10,0,0,36.45,93.7,30.96,24.62,-6.34
　2024/06/25 03:20,0,0,36.45,93.7,30.96,24.90,-6.06
　2024/06/25 03:30,0,0,36.45,93.7,30.96,24.99,-5.97
　2024/06/25 03:40,0,0,36.45,93.7,30.96,24.75,-6.21
　2024/06/25 03:50,0,0,36.45,93.7,30.96,24.72,-6.24
　2024/06/25 04:00,0,0,36.45,93.7,30.96,24.70,-6.26
　2024/06/25 04:10,0,0,36.45,93.7,30.96,24.56,-6.40
　2024/06/25 04:20,0,0,36.45,93.7,30.96,24.34,-6.62
　2024/06/25 04:30,0,0,36.45,93.7,30.96,24.20,-6.76
　2024/06/25 04:40,0,0,36.45,93.7,24.16,24.16,0.00
　2024/06/25 04:50,0,0,36.45,93.7,24.60,24.60,0.00
　2024/06/25 05:00,0,0,36.45,93.7,24.35,24.35,0.00
　2024/06/25 05:10,0,0,36.45,93.7,14.00,14.00,0.00
　2024/06/25 05:20,0,0,36.45,93.7,14.33,14.33,0.00
　2024/06/25 05:30,0,0,36.45,93.7,14.16,14.16,0.00
　2024/06/25 05:40,0,0,36.45,93.7,14.16,14.16,0.00
　2024/06/25 05:50,0,0,36.46,93.9,24.69,13.93,-10.76
　2024/06/25 06:00,0,0,36.46,93.9,24.69,13.62,-11.07
　2024/06/25 06:10,0,0,36.46,93.9,24.69,13.85,-10.84
　2024/06/25 06:20,0,0,36.46,93.9,24.69,13.99,-10.70
　2024/06/25 06:30,0,0,36.46,93.9,24.69,14.24,-10.45
　2024/06/25 06:40,0,0,36.47,94.0,21.64,14.08,-7.56
　2024/06/25 06:50,0,0,36.47,94.0,21.64,14.06,-7.58
　2024/06/25 07:00,0,0,36.47,94.0,21.64,13.97,-7.67
　2024/06/25 07:10,,,36.47,94.0,21.64,13.94,-7.70
　2024/06/25 07:20,,,36.47,94.0,21.64,14.49,-7.15
　2024/06/25 07:30,,,36.47,94.0,21.64,14.49,-7.15
　2024/06/25 07:40,,,36.47,94.0,21.64,14.13,-7.51
　2024/06/25 07:50,,,36.48,94.1,19.07,14.15,-4.92
　2024/06/25 08:00,0,0,36.48,94.1,19.07,13.98,-5.09
　2024/06/25 08:10,,,36.48,94.1,19.07,14.55,-4.52
　2024/06/25 08:20,,,36.48,94.1,19.07,14.44,-4.63
　2024/06/25 08:30,,,36.48,94.1,19.07,14.53,-4.54
　2024/06/25 08:40,,,36.49,94.2,21.01,14.68,-6.33
　2024/06/25 08:50,,,36.49,94.2,21.01,14.48,-6.53
　2024/06/25 09:00,0,0,36.49,94.2,21.01,14.41,-6.60
　2024/06/25 09:10,,,36.49,94.2,21.01,14.14,-6.87
　2024/06/25 09:20,,,36.49,94.2,21.01,14.48,-6.53
　2024/06/25 09:30,,,36.50,94.3,20.24,14.44,-5.80
　2024/06/25 09:40,,,36.50,94.3,20.24,20.50,0.26
　2024/06/25 09:50,,,36.50,94.3,20.24,20.47,0.23
　2024/06/25 10:00,0,0,36.50,94.3,20.24,20.03,-0.21
　2024/06/25 10:10,,,36.50,94.3,20.24,20.15,-0.09
　2024/06/25 10:20,,,36.50,94.3,20.24,20.14,-0.10
　2024/06/25 10:30,,,36.50,94.3,20.24,20.36,0.12
　2024/06/25 10:40,,,36.50,94.3,20.24,20.35,0.11
　2024/06/25 10:50,,,36.50,94.3,20.24,20.50,0.26
　2024/06/25 11:00,0,0,36.50,94.3,20.24,20.43,0.19
　2024/06/25 11:10,,,36.50,94.3,20.24,20.53,0.29
　2024/06/25 11:20,,,36.50,94.3,20.24,20.05,-0.19
　2024/06/25 11:30,,,36.50,94.3,20.24,20.01,-0.23
　2024/06/25 11:40,,,36.50,94.3,20.24,20.07,-0.17
　2024/06/25 11:50,,,36.50,94.3,20.24,20.13,-0.11
　2024/06/25 12:00,0,0,36.50,94.3,20.24,19.82,-0.42
　2024/06/25 12:10,,,36.50,94.3,20.24,20.04,-0.20
　2024/06/25 12:20,,,36.50,94.3,20.24,20.16,-0.08
　2024/06/25 12:30,,,36.50,94.3,20.24,20.02,-0.22
　2024/06/25 12:40,,,36.50,94.3,20.24,19.93,-0.31
　2024/06/25 12:50,,,36.50,94.3,20.24,19.93,-0.31
　2024/06/25 13:00,0,0,36.50,94.3,20.24,20.40,0.16
　2024/06/25 13:10,,,36.50,94.3,20.24,20.30,0.06
　2024/06/25 13:20,,,36.50,94.3,20.24,20.31,0.07
　2024/06/25 13:30,,,36.50,94.3,20.24,20.28,0.04
　2024/06/25 13:40,,,36.50,94.3,20.24,20.14,-0.10
　2024/06/25 13:50,,,36.50,94.3,20.24,20.07,-0.17
　2024/06/25 14:00,0,0,36.50,94.3,20.24,19.94,-0.30
　2024/06/25 14:10,,,36.50,94.3,20.24,19.97,-0.27
　2024/06/25 14:20,,,36.50,94.3,20.24,20.07,-0.17
　2024/06/25 14:30,,,36.50,94.3,20.24,20.18,-0.06
　2024/06/25 14:40,,,36.50,94.3,20.24,20.03,-0.21
　2024/06/25 14:50,,,36.50,94.3,20.24,20.06,-0.18
　2024/06/25 15:00,0,0,36.50,94.3,20.24,20.46,0.22
　2024/06/25 15:10,,,36.50,94.3,20.24,20.21,-0.03
　2024/06/25 15:20,,,36.50,94.3,20.24,20.44,0.20
　2024/06/25 15:30,,,36.50,94.3,20.31,20.31,0.00
　2024/06/25 15:40,,,36.50,94.3,20.18,20.18,0.00
　2024/06/25 15:50,,,36.50,94.3,19.86,19.86,0.00
　2024/06/25 16:00,0,0,36.49,94.2,19.84,19.84,0.00
　2024/06/25 16:10,,,36.49,94.2,20.03,20.03,0.00
　2024/06/25 16:20,,,36.49,94.2,19.81,19.81,0.00
　2024/06/25 16:30,,,36.49,94.2,19.87,19.87,0.00
　2024/06/25 16:40,,,36.49,94.2,20.28,20.28,0.00
　2024/06/25 16:50,,,36.49,94.2,20.23,20.23,0.00
　2024/06/25 17:00,0,0,36.48,94.1,18.26,17.95,-0.31
　2024/06/25 17:10,,,36.48,94.1,18.26,17.86,-0.40
　2024/06/25 17:20,,,36.48,94.1,18.26,13.93,-4.33
　2024/06/25 17:30,,,36.48,94.1,18.26,14.10,-4.16
　2024/06/25 17:40,,1,36.48,94.1,18.26,14.43,-3.83
　2024/06/25 17:50,,1,36.48,94.1,18.26,14.49,-3.77
　2024/06/25 18:00,1,1,36.48,94.1,18.26,14.23,-4.03
　2024/06/25 18:10,,1,36.48,94.1,18.26,14.35,-3.91
　2024/06/25 18:20,,1,36.48,94.1,18.26,14.13,-4.13
　2024/06/25 18:30,,1,36.48,94.1,18.26,14.45,-3.81
　2024/06/25 18:40,0,1,36.48,94.1,18.26,14.40,-3.86
　2024/06/25 18:50,0,1,36.48,94.1,18.26,14.45,-3.81
　2024/06/25 19:00,0,1,36.48,94.1,18.26,13.91,-4.35
　2024/06/25 19:10,0,1,36.48,94.1,18.26,13.95,-4.31
　2024/06/25 19:20,0,1,36.49,94.2,18.26,14.32,-3.94
　2024/06/25 19:30,0,1,36.49,94.2,18.26,15.67,-2.59
　2024/06/25 19:40,0,1,36.49,94.2,18.26,16.45,-1.81
　2024/06/25 19:50,0,1,36.49,94.2,18.26,16.36,-1.90
　2024/06/25 20:00,0,1,36.49,94.2,18.26,16.26,-2.00
　2024/06/25 20:10,0,1,36.49,94.2,18.26,16.32,-1.94
　2024/06/25 20:20,0,1,36.49,94.2,18.26,16.45,-1.81
　2024/06/25 20:30,0,1,36.49,94.2,18.26,16.28,-1.98
　2024/06/25 20:40,0,1,36.49,94.2,18.26,16.28,-1.98
　2024/06/25 20:50,1,2,36.49,94.2,18.26,16.27,-1.99
　2024/06/25 21:00,1,2,36.49,94.2,18.26,16.31,-1.95
　2024/06/25 21:10,1,2,36.49,94.2,18.26,16.13,-2.13
　2024/06/25 21:20,1,2,36.49,94.2,18.26,16.45,-1.81
　2024/06/25 21:30,1,2,36.49,94.2,18.26,16.15,-2.11
　2024/06/25 21:40,1,2,36.49,94.2,18.26,16.14,-2.12
　2024/06/25 21:50,0,2,36.49,94.2,18.26,16.24,-2.02
　2024/06/25 22:00,0,2,36.49,94.2,18.26,16.38,-1.88
　2024/06/25 22:10,0,2,36.49,94.2,18.26,16.21,-2.05
　2024/06/25 22:20,0,2,36.49,94.2,18.26,16.22,-2.04
　2024/06/25 22:30,0,2,36.49,94.2,18.26,16.19,-2.07
　2024/06/25 22:40,0,2,36.49,94.2,18.26,15.81,-2.45
　2024/06/25 22:50,0,2,36.49,94.2,18.26,16.53,-1.73
　2024/06/25 23:00,0,2,36.49,94.2,16.40,16.40,0.00
　2024/06/25 23:10,0,2,36.49,94.2,16.33,16.33,0.00
　2024/06/25 23:20,0,2,36.49,94.2,16.36,16.36,0.00
　2024/06/25 23:30,0,2,36.49,94.2,16.35,16.35,0.00
　2024/06/25 23:40,0,2,36.49,94.2,16.22,16.22,0.00
　2024/06/25 23:50,0,2,36.49,94.2,16.35,16.35,0.00
　2024/06/25 24:00,0,2,36.49,94.2,16.34,16.34,0.00
　2024/06/26 00:10,0,2,36.49,94.2,16.21,16.21,0.00
　2024/06/26 00:20,0,2,36.49,94.2,16.11,16.11,0.00
　2024/06/26 00:30,0,2,36.49,94.2,16.32,16.32,0.00
　2024/06/26 00:40,0,2,36.49,94.2,16.20,16.20,0.00
　2024/06/26 00:50,0,2,36.49,94.2,16.38,16.38,0.00
　2024/06/26 01:00,0,2,36.49,94.2,16.45,16.45,0.00
　2024/06/26 01:10,0,2,36.49,94.2,16.22,16.22,0.00
　2024/06/26 01:20,0,2,36.49,94.2,16.15,16.15,0.00
　2024/06/26 01:30,0,2,36.49,94.2,16.33,16.33,0.00
　2024/06/26 01:40,0,2,36.49,94.2,16.41,16.41,0.00
　2024/06/26 01:50,0,2,36.49,94.2,16.49,16.49,0.00
　2024/06/26 02:00,0,2,36.49,94.2,16.53,16.53,0.00
　2024/06/26 02:10,0,2,36.49,94.2,16.56,16.56,0.00
　2024/06/26 02:20,0,2,36.49,94.2,16.43,16.43,0.00
　2024/06/26 02:30,0,2,36.49,94.2,16.15,16.15,0.00
　2024/06/26 02:40,0,2,36.49,94.2,16.16,16.16,0.00
　2024/06/26 02:50,0,2,36.49,94.2,16.44,16.44,0.00
　2024/06/26 03:00,0,0,36.49,94.2,16.10,16.10,0.00
　2024/06/26 03:10,0,0,36.49,94.2,16.24,16.24,0.00
　2024/06/26 03:20,0,0,36.49,94.2,16.25,16.25,0.00
　2024/06/26 03:30,0,0,36.49,94.2,16.48,16.48,0.00
　2024/06/26 03:40,0,0,36.49,94.2,16.40,16.40,0.00
　2024/06/26 03:50,0,0,36.48,94.1,16.25,16.25,0.00
　2024/06/26 04:00,0,0,36.48,94.1,16.29,16.29,0.00
　2024/06/26 04:10,0,0,36.48,94.1,16.19,16.19,0.00
　2024/06/26 04:20,0,0,36.48,94.1,16.06,16.06,0.00
　2024/06/26 04:30,0,0,36.48,94.1,16.43,16.43,0.00
　2024/06/26 04:40,0,0,36.48,94.1,16.20,16.20,0.00
　2024/06/26 04:50,0,0,36.48,94.1,16.23,16.23,0.00
　2024/06/26 05:00,0,0,36.48,94.1,16.10,16.10,0.00
　2024/06/26 05:10,0,0,36.48,94.1,16.22,16.22,0.00
　2024/06/26 05:20,0,0,36.48,94.1,16.23,16.23,0.00
　2024/06/26 05:30,0,0,36.48,94.1,16.31,16.31,0.00
　2024/06/26 05:40,0,0,36.48,94.1,16.05,16.05,0.00
　2024/06/26 05:50,0,0,36.48,94.1,15.89,15.89,0.00
　2024/06/26 06:00,0,0,36.48,94.1,15.99,15.99,0.00
　2024/06/26 06:10,0,0,36.48,94.1,16.31,16.31,0.00
　2024/06/26 06:20,0,0,36.48,94.1,16.56,16.56,0.00
　2024/06/26 06:30,0,0,36.48,94.1,16.30,16.30,0.00
　2024/06/26 06:40,0,0,36.48,94.1,16.21,16.21,0.00
　2024/06/26 06:50,0,0,36.48,94.1,16.41,16.41,0.00
　2024/06/26 07:00,0,0,36.48,94.1,16.45,16.45,0.00
　2024/06/26 07:10,0,0,36.48,94.1,16.31,16.31,0.00
　2024/06/26 07:20,0,0,36.47,94.0,14.41,14.10,-0.31
　2024/06/26 07:30,0,0,36.47,94.0,14.41,14.14,-0.27
　2024/06/26 07:40,0,0,36.47,94.0,14.41,14.44,0.03
　2024/06/26 07:50,0,0,36.47,94.0,14.41,14.58,0.17
　2024/06/26 08:00,0,0,36.47,94.0,14.41,14.30,-0.11
　2024/06/26 08:10,0,0,36.47,94.0,14.41,14.30,-0.11
　2024/06/26 08:20,0,0,36.47,94.0,14.41,14.42,0.01
　2024/06/26 08:30,0,0,36.47,94.0,14.41,14.43,0.02
　2024/06/26 08:40,0,0,36.47,94.0,14.41,12.84,-1.57
　2024/06/26 08:50,0,0,36.47,94.0,14.41,12.81,-1.60
　2024/06/26 09:00,0,0,36.47,94.0,14.41,12.81,-1.60
　2024/06/26 09:10,0,0,36.47,94.0,14.41,12.60,-1.81
　2024/06/26 09:20,0,0,36.47,94.0,14.41,13.01,-1.40
　2024/06/26 09:30,0,0,36.47,94.0,14.41,13.26,-1.15
　2024/06/26 09:40,0,0,36.47,94.0,14.41,13.16,-1.25
　2024/06/26 09:50,0,0,36.47,94.0,14.41,13.33,-1.08
　2024/06/26 10:00,0,0,36.47,94.0,14.41,13.24,-1.17
　2024/06/26 10:10,0,0,36.47,94.0,14.41,13.17,-1.24
　2024/06/26 10:20,0,0,36.47,94.0,14.41,13.37,-1.04
　2024/06/26 10:30,0,0,36.47,94.0,14.41,12.88,-1.53
　2024/06/26 10:40,0,0,36.47,94.0,14.41,12.70,-1.71
　2024/06/26 10:50,0,0,36.47,94.0,14.41,12.73,-1.68
　2024/06/26 11:00,0,0,36.47,94.0,14.41,12.69,-1.72
　2024/06/26 11:10,0,0,36.47,94.0,14.41,12.78,-1.63
　2024/06/26 11:20,0,0,36.47,94.0,14.41,12.61,-1.80
　2024/06/26 11:30,0,0,36.47,94.0,14.41,12.81,-1.60
　2024/06/26 11:40,0,0,36.47,94.0,14.41,12.48,-1.93
　2024/06/26 11:50,0,0,36.47,94.0,14.41,12.52,-1.89
　2024/06/26 12:00,0,0,36.47,94.0,14.41,12.79,-1.62
　2024/06/26 12:10,0,0,36.47,94.0,14.41,12.58,-1.83
　2024/06/26 12:20,0,0,36.47,94.0,14.41,12.78,-1.63
　2024/06/26 12:30,0,0,36.47,94.0,14.41,12.61,-1.80
　2024/06/26 12:40,0,0,36.47,94.0,14.41,12.66,-1.75
　2024/06/26 12:50,0,0,36.47,94.0,14.41,12.89,-1.52
　2024/06/26 13:00,0,0,36.47,94.0,14.41,12.86,-1.55
　2024/06/26 13:10,0,0,36.47,94.0,14.41,12.95,-1.46
　2024/06/26 13:20,0,0,36.47,94.0,13.39,13.39,0.00
　2024/06/26 13:30,0,0,36.47,94.0,13.31,13.31,0.00
　2024/06/26 13:40,0,0,36.47,94.0,13.32,13.32,0.00
　2024/06/26 13:50,0,0,36.47,94.0,13.11,13.11,0.00
　2024/06/26 14:00,0,0,36.47,94.0,13.23,13.23,0.00
　2024/06/26 14:10,0,0,36.47,94.0,13.04,13.04,0.00
　2024/06/26 14:20,0,0,36.47,94.0,13.28,13.28,0.00
　2024/06/26 14:30,0,0,36.47,94.0,13.24,13.24,0.00
　2024/06/26 14:40,0,0,36.47,94.0,13.22,13.22,0.00
　2024/06/26 14:50,0,0,36.47,94.0,13.04,13.04,0.00
　2024/06/26 15:00,0,0,36.47,94.0,13.18,13.18,0.00
　2024/06/26 15:10,0,0,36.46,93.9,12.10,13.28,1.18
　2024/06/26 15:20,0,0,36.46,93.9,12.10,13.16,1.06
　2024/06/26 15:30,0,0,36.46,93.9,12.10,13.25,1.15
　2024/06/26 15:40,0,0,36.46,93.9,12.10,13.08,0.98
　2024/06/26 15:50,0,0,36.46,93.9,12.10,13.29,1.19
　2024/06/26 16:00,0,0,36.46,93.9,12.10,13.07,0.97
　2024/06/26 16:10,0,0,36.46,93.9,12.10,13.06,0.96
　2024/06/26 16:20,0,0,36.46,93.9,12.10,13.57,1.47
　2024/06/26 16:30,0,0,36.46,93.9,12.10,13.25,1.15
　2024/06/26 16:40,0,0,36.46,93.9,12.10,13.23,1.13
　2024/06/26 16:50,0,0,36.46,93.9,12.10,13.19,1.09
　2024/06/26 17:00,0,0,36.46,93.9,12.10,12.92,0.82
　2024/06/26 17:10,0,0,36.46,93.9,12.10,13.10,1.00
　2024/06/26 17:20,0,0,36.46,93.9,12.10,13.08,0.98
　2024/06/26 17:30,0,0,36.46,93.9,12.10,13.32,1.22
　2024/06/26 17:40,0,0,36.46,93.9,12.10,13.12,1.02
　2024/06/26 17:50,0,0,36.46,93.9,12.10,13.09,0.99
　2024/06/26 18:00,0,0,36.46,93.9,12.10,13.40,1.30
　2024/06/26 18:10,,,36.46,93.9,12.10,12.75,0.65
　2024/06/26 18:20,,,36.46,93.9,12.10,13.43,1.33
　2024/06/26 18:30,,,36.46,93.9,12.10,13.33,1.23
　2024/06/26 18:40,,,36.46,93.9,12.10,13.33,1.23
　2024/06/26 18:50,,,36.45,93.7,11.60,13.07,1.47
　2024/06/26 19:00,0,0,36.45,93.7,11.60,13.37,1.77
　2024/06/26 19:10,,,36.45,93.7,11.60,13.02,1.42
　2024/06/26 19:20,,,36.45,93.7,11.60,13.05,1.45
　2024/06/26 19:30,,,36.45,93.7,11.60,13.46,1.86
　2024/06/26 19:40,,,36.45,93.7,11.60,13.40,1.80
　2024/06/26 19:50,,,36.45,93.7,11.60,13.38,1.78
　2024/06/26 20:00,0,0,36.45,93.7,11.60,13.08,1.48
　2024/06/26 20:10,,,36.45,93.7,11.60,13.20,1.60
　2024/06/26 20:20,,,36.45,93.7,11.60,13.25,1.65
　2024/06/26 20:30,,,36.45,93.7,11.60,13.01,1.41
　2024/06/26 20:40,,,36.45,93.7,11.60,13.10,1.50
　2024/06/26 20:50,,,36.45,93.7,11.60,13.45,1.85
　2024/06/26 21:00,0,0,36.45,93.7,11.60,13.43,1.83
　2024/06/26 21:10,,,36.45,93.7,11.60,13.40,1.80
　2024/06/26 21:20,,,36.45,93.7,11.60,12.71,1.11
　2024/06/26 21:30,,,36.45,93.7,11.60,12.78,1.18
　2024/06/26 21:40,,,36.45,93.7,11.60,12.73,1.13
　2024/06/26 21:50,,,36.45,93.7,11.60,13.14,1.54
　2024/06/26 22:00,0,0,36.45,93.7,11.60,13.24,1.64
　2024/06/26 22:10,,,36.45,93.7,11.60,13.45,1.85
　2024/06/26 22:20,,,36.45,93.7,11.60,12.93,1.33
　2024/06/26 22:30,,,36.45,93.7,11.60,12.86,1.26
　2024/06/26 22:40,,,36.45,93.7,11.60,12.82,1.22
　2024/06/26 22:50,,,36.45,93.7,11.60,13.20,1.60
　2024/06/26 23:00,0,0,36.45,93.7,11.60,13.27,1.67
　2024/06/26 23:10,,,36.45,93.7,11.60,13.30,1.70
　2024/06/26 23:20,,,36.45,93.7,11.60,13.21,1.61
　2024/06/26 23:30,,,36.45,93.7,11.60,13.31,1.71
　2024/06/26 23:40,,0,36.44,93.6,11.99,13.52,1.53
　2024/06/26 23:50,,0,36.44,93.6,11.99,13.32,1.33
　2024/06/26 24:00,0,0,36.44,93.6,11.99,12.95,0.96
　2024/06/27 00:10,,0,36.44,93.6,11.99,12.76,0.77
　2024/06/27 00:20,,0,36.44,93.6,11.99,12.57,0.58
　2024/06/27 00:30,,0,36.44,93.6,11.99,12.88,0.89
　2024/06/27 00:40,0,0,36.44,93.6,11.99,12.75,0.76
　2024/06/27 00:50,0,0,36.44,93.6,11.99,12.75,0.76
　2024/06/27 01:00,0,0,36.44,93.6,11.99,12.71,0.72
　2024/06/27 01:10,0,0,36.44,93.6,11.99,12.64,0.65
　2024/06/27 01:20,0,0,36.44,93.6,11.99,12.80,0.81
　2024/06/27 01:30,0,0,36.44,93.6,11.99,12.93,0.94
　2024/06/27 01:40,0,0,36.44,93.6,11.99,12.68,0.69
　2024/06/27 01:50,0,0,36.44,93.6,11.99,12.75,0.76
　2024/06/27 02:00,0,0,36.44,93.6,11.99,12.65,0.66
　2024/06/27 02:10,0,0,36.44,93.6,11.99,12.84,0.85
　2024/06/27 02:20,0,0,36.44,93.6,11.99,12.99,1.00
　2024/06/27 02:30,0,0,36.44,93.6,11.99,12.63,0.64
　2024/06/27 02:40,0,0,36.43,93.5,11.00,12.68,1.68
　2024/06/27 02:50,0,0,36.43,93.5,11.00,13.13,2.13
　2024/06/27 03:00,0,0,36.43,93.5,11.00,12.69,1.69
　2024/06/27 03:10,0,0,36.43,93.5,11.00,13.12,2.12
　2024/06/27 03:20,0,0,36.43,93.5,11.00,13.02,2.02
　2024/06/27 03:30,0,0,36.43,93.5,11.00,13.36,2.36
　2024/06/27 03:40,0,0,36.43,93.5,11.00,13.26,2.26
　2024/06/27 03:50,0,0,36.43,93.5,11.00,13.29,2.29
　2024/06/27 04:00,0,0,36.43,93.5,11.00,13.15,2.15
　2024/06/27 04:10,0,0,36.43,93.5,11.00,13.10,2.10
　2024/06/27 04:20,0,0,36.43,93.5,11.00,13.21,2.21
　2024/06/27 04:30,0,0,36.43,93.5,11.00,12.74,1.74
　2024/06/27 04:40,0,0,36.43,93.5,11.00,12.80,1.80
　2024/06/27 04:50,0,0,36.43,93.5,11.00,13.25,2.25
　2024/06/27 05:00,0,0,36.43,93.5,11.00,12.88,1.88
　2024/06/27 05:10,0,0,36.43,93.5,11.00,13.45,2.45
　2024/06/27 05:20,0,0,36.42,93.4,11.11,12.94,1.83
　2024/06/27 05:30,0,0,36.42,93.4,11.11,13.26,2.15
　2024/06/27 05:40,0,0,36.42,93.4,11.11,13.30,2.19
　2024/06/27 05:50,0,0,36.42,93.4,11.11,13.25,2.14
　2024/06/27 06:00,0,0,36.42,93.4,11.11,13.25,2.14
　2024/06/27 06:10,0,0,36.42,93.4,11.11,13.12,2.01
　2024/06/27 06:20,0,0,36.42,93.4,11.11,13.33,2.22
　2024/06/27 06:30,0,0,36.42,93.4,11.11,13.16,2.05
　2024/06/27 06:40,0,0,36.42,93.4,11.11,13.29,2.18
　2024/06/27 06:50,0,0,36.42,93.4,11.11,13.16,2.05
　2024/06/27 07:00,0,0,36.42,93.4,11.11,13.37,2.26
　2024/06/27 07:10,0,0,36.42,93.4,11.11,13.00,1.89
　2024/06/27 07:20,0,0,36.42,93.4,11.11,13.23,2.12
　2024/06/27 07:30,0,0,36.42,93.4,11.11,13.16,2.05
　2024/06/27 07:40,0,0,36.41,93.3,10.77,13.25,2.48
　2024/06/27 07:50,0,0,36.41,93.3,10.77,13.20,2.43
　2024/06/27 08:00,0,0,36.41,93.3,10.77,13.23,2.46
　2024/06/27 08:10,0,0,36.41,93.3,10.77,13.00,2.23
　2024/06/27 08:20,0,0,36.41,93.3,10.77,13.08,2.31
　2024/06/27 08:30,0,0,36.41,93.3,10.77,13.13,2.36
　2024/06/27 08:40,0,0,36.41,93.3,10.77,13.06,2.29
　2024/06/27 08:50,0,0,36.41,93.3,10.77,13.15,2.38
　2024/06/27 09:00,0,0,36.41,93.3,10.77,13.30,2.53
　2024/06/27 09:10,0,0,36.41,93.3,10.77,13.06,2.29
　2024/06/27 09:20,0,0,36.41,93.3,10.77,13.13,2.36
　2024/06/27 09:30,0,0,36.41,93.3,10.77,13.24,2.47
　2024/06/27 09:40,0,0,36.41,93.3,10.77,13.21,2.44
　2024/06/27 09:50,0,0,36.40,93.2,10.63,12.92,2.29
　2024/06/27 10:00,0,0,36.40,93.2,10.63,12.85,2.22
　2024/06/27 10:10,0,0,36.40,93.2,10.63,12.99,2.36
　2024/06/27 10:20,0,0,36.40,93.2,10.63,13.15,2.52
　2024/06/27 10:30,0,0,36.40,93.2,10.63,12.77,2.14
　2024/06/27 10:40,0,0,36.40,93.2,10.63,12.76,2.13
　2024/06/27 10:50,0,0,36.40,93.2,10.63,12.72,2.09
　2024/06/27 11:00,0,0,36.40,93.2,10.63,13.19,2.56
　2024/06/27 11:10,0,0,36.40,93.2,10.63,13.32,2.69
　2024/06/27 11:20,0,0,36.40,93.2,10.63,12.72,2.09
　2024/06/27 11:30,0,0,36.40,93.2,10.63,12.90,2.27
　2024/06/27 11:40,0,0,36.40,93.2,10.63,12.60,1.97
　2024/06/27 11:50,0,0,36.40,93.2,10.63,12.75,2.12
　2024/06/27 12:00,0,0,36.40,93.2,10.63,12.78,2.15
　2024/06/27 12:10,0,0,36.39,93.1,10.43,12.78,2.35
　2024/06/27 12:20,0,0,36.39,93.1,10.43,12.67,2.24
　2024/06/27 12:30,0,0,36.39,93.1,10.43,12.83,2.40
　2024/06/27 12:40,0,0,36.39,93.1,10.43,12.78,2.35
　2024/06/27 12:50,0,0,36.39,93.1,10.43,12.83,2.40
　2024/06/27 13:00,0,0,36.39,93.1,10.43,12.86,2.43
　2024/06/27 13:10,0,0,36.39,93.1,10.43,13.16,2.73
　2024/06/27 13:20,0,0,36.39,93.1,10.43,13.13,2.70
　2024/06/27 13:30,0,0,36.39,93.1,10.43,13.11,2.68
　2024/06/27 13:40,1,1,36.39,93.1,10.43,13.24,2.81
　2024/06/27 13:50,1,1,36.38,93.0,9.76,13.29,3.53
　2024/06/27 14:00,1,1,36.38,93.0,9.76,13.39,3.63
　2024/06/27 14:10,1,1,36.38,93.0,9.76,13.06,3.30
　2024/06/27 14:20,1,1,36.38,93.0,9.76,13.10,3.34
　2024/06/27 14:30,2,2,36.38,93.0,9.76,13.07,3.31
　2024/06/27 14:40,1,2,36.38,93.0,9.76,13.24,3.48
　2024/06/27 14:50,1,2,36.38,93.0,9.76,13.16,3.40
　2024/06/27 15:00,1,2,36.38,93.0,9.76,13.47,3.71
　2024/06/27 15:10,1,2,36.38,93.0,9.76,12.97,3.21
　2024/06/27 15:20,1,2,36.38,93.0,9.76,13.25,3.49
　2024/06/27 15:30,0,2,36.38,93.0,9.76,13.27,3.51
　2024/06/27 15:40,0,2,36.38,93.0,9.76,13.38,3.62
　2024/06/27 15:50,0,2,36.38,93.0,9.76,13.12,3.36
　2024/06/27 16:00,0,2,36.38,93.0,9.76,13.43,3.67
　2024/06/27 16:10,0,2,36.38,93.0,9.76,13.23,3.47
　2024/06/27 16:20,0,2,36.38,93.0,9.76,13.26,3.50
　2024/06/27 16:30,0,2,36.38,93.0,9.76,13.22,3.46
　2024/06/27 16:40,0,2,36.38,93.0,9.76,13.06,3.30
　2024/06/27 16:50,0,2,36.37,92.9,11.39,13.14,1.75
　2024/06/27 17:00,0,2,36.37,92.9,11.39,13.31,1.92
　2024/06/27 17:10,0,2,36.37,92.9,11.39,13.20,1.81
　2024/06/27 17:20,0,2,36.37,92.9,11.39,13.11,1.72
　2024/06/27 17:30,0,2,36.37,92.9,11.39,13.18,1.79
　2024/06/27 17:40,0,2,36.37,92.9,11.39,13.30,1.91
　2024/06/27 17:50,0,2,36.37,92.9,11.39,13.27,1.88
　2024/06/27 18:00,0,2,36.37,92.9,11.39,13.39,2.00
　2024/06/27 18:10,1,3,36.37,92.9,11.39,13.40,2.01
　2024/06/27 18:20,1,3,36.37,92.9,11.39,13.48,2.09
　2024/06/27 18:30,1,3,36.37,92.9,11.39,13.20,1.81
　2024/06/27 18:40,1,3,36.37,92.9,11.39,13.53,2.14
　2024/06/27 18:50,1,3,36.37,92.9,11.39,13.34,1.95
　2024/06/27 19:00,1,3,36.36,92.8,10.78,13.28,2.50
　2024/06/27 19:10,0,3,36.36,92.8,10.78,13.32,2.54
　2024/06/27 19:20,0,3,36.36,92.8,10.78,13.47,2.69
　2024/06/27 19:30,0,3,36.36,92.8,10.78,13.35,2.57
　2024/06/27 19:40,1,4,36.36,92.8,10.78,13.29,2.51
　2024/06/27 19:50,1,4,36.36,92.8,10.78,13.19,2.41
　2024/06/27 20:00,2,5,36.36,92.8,10.78,13.36,2.58
　2024/06/27 20:10,4,7,36.36,92.8,10.78,13.25,2.47
　2024/06/27 20:20,7,10,36.36,92.8,10.78,13.32,2.54
　2024/06/27 20:30,9,12,36.36,92.8,10.78,13.20,2.42
　2024/06/27 20:40,11,15,36.36,92.8,10.78,13.36,2.58
　2024/06/27 20:50,14,18,36.36,92.8,10.78,13.41,2.63
　2024/06/27 21:00,15,20,36.36,92.8,10.78,13.37,2.59
　2024/06/27 21:10,15,22,36.37,92.9,10.78,13.10,2.32
　2024/06/27 21:20,14,24,36.37,92.9,10.78,13.35,2.57
　2024/06/27 21:30,14,26,36.37,92.9,10.78,13.09,2.31
　2024/06/27 21:40,12,27,36.37,92.9,10.78,12.88,2.10
　2024/06/27 21:50,9,27,36.38,93.0,17.08,12.87,-4.21
　2024/06/27 22:00,8,28,36.38,93.0,17.08,17.96,0.88
　2024/06/27 22:10,7,29,36.38,93.0,17.08,18.02,0.94
　2024/06/27 22:20,6,30,36.38,93.0,17.08,18.00,0.92
　2024/06/27 22:30,5,31,36.38,93.0,17.08,18.04,0.96
　2024/06/27 22:40,4,31,36.38,93.0,17.08,18.30,1.22
　2024/06/27 22:50,4,31,36.39,93.1,23.14,18.29,-4.85
　2024/06/27 23:00,4,32,36.39,93.1,23.14,18.33,-4.81
　2024/06/27 23:10,3,32,36.39,93.1,23.14,17.90,-5.24
　2024/06/27 23:20,2,32,36.39,93.1,23.14,18.38,-4.76
　2024/06/27 23:30,1,32,36.39,93.1,23.14,18.43,-4.71
　2024/06/27 23:40,1,32,36.39,93.1,23.14,18.52,-4.62
　2024/06/27 23:50,2,33,36.39,93.1,23.14,18.26,-4.88
　2024/06/27 24:00,1,33,36.39,93.1,23.14,18.36,-4.78
　2024/06/28 00:10,1,33,36.39,93.1,23.14,18.60,-4.54
　2024/06/28 00:20,1,33,36.40,93.2,21.98,18.61,-3.37
　2024/06/28 00:30,2,34,36.40,93.2,21.98,18.35,-3.63
　2024/06/28 00:40,2,34,36.40,93.2,21.98,17.99,-3.99
　2024/06/28 00:50,1,34,36.40,93.2,21.98,17.89,-4.09
　2024/06/28 01:00,1,34,36.40,93.2,21.98,18.20,-3.78
　2024/06/28 01:10,1,34,36.40,93.2,21.98,18.26,-3.72
　2024/06/28 01:20,1,34,36.41,93.3,23.88,18.33,-5.55
　2024/06/28 01:30,1,35,36.41,93.3,23.88,18.52,-5.36
　2024/06/28 01:40,1,35,36.41,93.3,23.88,18.42,-5.46
　2024/06/28 01:50,1,35,36.41,93.3,23.88,18.44,-5.44
　2024/06/28 02:00,1,35,36.41,93.3,23.88,18.45,-5.43
　2024/06/28 02:10,1,35,36.41,93.3,23.88,18.65,-5.23
　2024/06/28 02:20,1,35,36.41,93.3,23.88,18.10,-5.78
　2024/06/28 02:30,0,35,36.42,93.4,23.18,17.95,-5.23
　2024/06/28 02:40,0,35,36.42,93.4,23.18,17.84,-5.34
　2024/06/28 02:50,0,35,36.42,93.4,23.18,17.90,-5.28
　2024/06/28 03:00,0,35,36.42,93.4,23.18,17.88,-5.30
　2024/06/28 03:10,0,35,36.43,93.5,26.15,18.28,-7.87
　2024/06/28 03:20,0,35,36.43,93.5,26.15,18.63,-7.52
　2024/06/28 03:30,0,35,36.43,93.5,26.15,18.34,-7.81
　2024/06/28 03:40,0,35,36.43,93.5,26.15,18.74,-7.41
　2024/06/28 03:50,0,35,36.44,93.6,25.97,18.42,-7.55
　2024/06/28 04:00,0,35,36.44,93.6,25.97,18.23,-7.74
　2024/06/28 04:10,0,35,36.44,93.6,25.97,18.12,-7.85
　2024/06/28 04:20,0,35,36.44,93.6,25.97,17.96,-8.01
　2024/06/28 04:30,0,35,36.45,93.7,26.28,18.57,-7.71
　2024/06/28 04:40,0,35,36.45,93.7,26.28,18.16,-8.12
　2024/06/28 04:50,0,35,36.45,93.7,26.28,18.36,-7.92
　2024/06/28 05:00,0,35,36.45,93.7,26.28,18.60,-7.68
　2024/06/28 05:10,0,35,36.45,93.7,26.28,18.62,-7.66
　2024/06/28 05:20,0,35,36.45,93.7,26.28,18.64,-7.64
　2024/06/28 05:30,0,35,36.46,93.9,24.67,18.14,-6.53
　2024/06/28 05:40,1,36,36.46,93.9,24.67,18.03,-6.64
　2024/06/28 05:50,1,36,36.46,93.9,24.67,18.28,-6.39
　2024/06/28 06:00,1,36,36.46,93.9,24.67,17.97,-6.70
　2024/06/28 06:10,1,36,36.47,94.0,25.52,18.20,-7.32
　2024/06/28 06:20,1,36,36.47,94.0,25.52,18.48,-7.04
　2024/06/28 06:30,1,36,36.47,94.0,25.52,18.41,-7.11
　2024/06/28 06:40,0,36,36.47,94.0,25.52,18.62,-6.90
　2024/06/28 06:50,0,36,36.47,94.0,25.52,18.25,-7.27
　2024/06/28 07:00,0,36,36.48,94.1,24.75,18.51,-6.24
　2024/06/28 07:10,0,36,36.48,94.1,24.75,18.49,-6.26
　2024/06/28 07:20,0,36,36.48,94.1,24.75,18.23,-6.52
　2024/06/28 07:30,0,36,36.48,94.1,24.75,18.53,-6.22
　2024/06/28 07:40,0,36,36.48,94.1,24.75,18.43,-6.32
　2024/06/28 07:50,0,36,36.48,94.1,24.75,18.44,-6.31
　2024/06/28 08:00,0,36,36.48,94.1,24.75,18.54,-6.21
　2024/06/28 08:10,0,36,36.49,94.2,23.36,18.60,-4.76
　2024/06/28 08:20,0,36,36.49,94.2,23.36,18.60,-4.76
　2024/06/28 08:30,0,36,36.49,94.2,23.36,18.37,-4.99
　2024/06/28 08:40,0,36,36.49,94.2,23.36,18.37,-4.99
　2024/06/28 08:50,0,36,36.49,94.2,23.36,18.40,-4.96
　2024/06/28 09:00,0,36,36.49,94.2,23.36,18.47,-4.89
　2024/06/28 09:10,1,37,36.50,94.3,24.01,18.38,-5.63
　2024/06/28 09:20,1,37,36.50,94.3,24.01,18.43,-5.58
　2024/06/28 09:30,1,37,36.50,94.3,24.01,18.54,-5.47
　2024/06/28 09:40,3,39,36.50,94.3,24.01,18.18,-5.83
　2024/06/28 09:50,3,39,36.51,94.4,28.32,18.16,-10.16
　2024/06/28 10:00,4,40,36.51,94.4,28.32,19.34,-8.98
　2024/06/28 10:10,3,40,36.51,94.4,28.32,19.20,-9.12
　2024/06/28 10:20,4,41,36.51,94.4,28.32,19.40,-8.92
　2024/06/28 10:30,4,41,36.52,94.5,26.53,19.13,-7.40
　2024/06/28 10:40,3,42,36.52,94.5,26.53,19.56,-6.97
　2024/06/28 10:50,3,42,36.52,94.5,26.53,19.65,-6.88
　2024/06/28 11:00,3,43,36.52,94.5,26.53,19.86,-6.67
　2024/06/28 11:10,3,43,36.53,94.6,28.83,19.90,-8.93
　2024/06/28 11:20,2,43,36.53,94.6,28.83,19.71,-9.12
　2024/06/28 11:30,2,43,36.53,94.6,28.83,19.82,-9.01
　2024/06/28 11:40,1,43,36.54,94.8,28.55,19.81,-8.74
　2024/06/28 11:50,1,43,36.54,94.8,28.55,19.90,-8.65
　2024/06/28 12:00,0,43,36.54,94.8,28.55,25.07,-3.48
　2024/06/28 12:10,0,43,36.55,94.9,34.40,24.90,-9.50
　2024/06/28 12:20,0,43,36.55,94.9,34.40,24.94,-9.46
　2024/06/28 12:30,0,43,36.56,95.0,39.54,25.04,-14.50
　2024/06/28 12:40,0,43,36.56,95.0,39.54,30.30,-9.24
　2024/06/28 12:50,0,43,36.56,95.0,39.54,30.27,-9.27
　2024/06/28 13:00,0,43,36.56,95.0,39.54,30.01,-9.53
　2024/06/28 13:10,0,43,36.57,95.1,38.62,30.15,-8.47
　2024/06/28 13:20,0,43,36.57,95.1,38.62,30.13,-8.49
　2024/06/28 13:30,0,43,36.57,95.1,38.62,29.95,-8.67
　2024/06/28 13:40,0,43,36.57,95.1,38.62,29.85,-8.77
　2024/06/28 13:50,0,43,36.58,95.2,37.43,29.95,-7.48
　2024/06/28 14:00,0,43,36.58,95.2,37.43,30.02,-7.41
　2024/06/28 14:10,0,43,36.58,95.2,37.43,30.10,-7.33
　2024/06/28 14:20,0,43,36.58,95.2,37.43,30.29,-7.14
　2024/06/28 14:30,0,43,36.59,95.3,38.79,30.31,-8.48
　2024/06/28 14:40,0,43,36.59,95.3,38.79,29.88,-8.91
　2024/06/28 14:50,0,43,36.59,95.3,38.79,30.26,-8.53
　2024/06/28 15:00,0,43,36.59,95.3,38.79,30.30,-8.49
　2024/06/28 15:10,0,43,36.60,95.4,40.07,30.56,-9.51
　2024/06/28 15:20,0,43,36.60,95.4,40.07,30.38,-9.69
　2024/06/28 15:30,0,43,36.60,95.4,40.07,29.82,-10.25
　2024/06/28 15:40,0,43,36.61,95.5,41.12,35.28,-5.84
　2024/06/28 15:50,0,43,36.61,95.5,41.12,35.25,-5.87
　2024/06/28 16:00,0,43,36.61,95.5,41.12,35.17,-5.95
　2024/06/28 16:10,0,43,36.61,95.5,41.12,35.11,-6.01
　2024/06/28 16:20,0,43,36.61,95.5,41.12,35.39,-5.73
　2024/06/28 16:30,0,43,36.62,95.7,41.80,40.51,-1.29
　2024/06/28 16:40,0,43,36.62,95.7,41.80,40.57,-1.23
　2024/06/28 16:50,0,43,36.62,95.7,41.80,40.67,-1.13
　2024/06/28 17:00,0,0,36.62,95.7,41.80,40.36,-1.44
　2024/06/28 17:10,0,0,36.62,95.7,41.80,40.24,-1.56
　2024/06/28 17:20,0,0,36.62,95.7,41.80,40.59,-1.21
　2024/06/28 17:30,0,0,36.62,95.7,41.80,40.47,-1.33
　2024/06/28 17:40,0,0,36.62,95.7,41.80,40.56,-1.24
　2024/06/28 17:50,0,0,36.62,95.7,41.80,40.58,-1.22
　2024/06/28 18:00,0,0,36.62,95.7,41.80,41.00,-0.80
　2024/06/28 18:10,0,0,36.62,95.7,41.80,41.00,-0.80
　2024/06/28 18:20,0,0,36.62,95.7,41.80,40.73,-1.07
　2024/06/28 18:30,0,0,36.62,95.7,41.80,40.99,-0.81
　2024/06/28 18:40,0,0,36.62,95.7,41.80,40.94,-0.86
　2024/06/28 18:50,0,0,36.62,95.7,41.80,40.76,-1.04
　2024/06/28 19:00,0,0,36.62,95.7,41.80,41.00,-0.80
　2024/06/28 19:10,0,0,36.62,95.7,41.80,40.92,-0.88
　2024/06/28 19:20,0,0,36.62,95.7,41.80,40.85,-0.95
　2024/06/28 19:30,0,0,36.62,95.7,41.80,40.87,-0.93
　2024/06/28 19:40,0,0,36.62,95.7,41.80,41.01,-0.79
　2024/06/28 19:50,0,0,36.62,95.7,41.80,40.87,-0.93
　2024/06/28 20:00,0,0,36.62,95.7,41.80,41.22,-0.58
　2024/06/28 20:10,0,0,36.62,95.7,41.80,40.50,-1.30
　2024/06/28 20:20,0,0,36.62,95.7,41.80,40.50,-1.30
　2024/06/28 20:30,0,0,36.62,95.7,41.80,40.41,-1.39
　2024/06/28 20:40,0,0,36.62,95.7,41.80,40.63,-1.17
　2024/06/28 20:50,0,0,36.62,95.7,41.80,41.25,-0.55
　2024/06/28 21:00,0,0,36.62,95.7,41.80,40.98,-0.82
　2024/06/28 21:10,0,0,36.62,95.7,41.80,40.62,-1.18
　2024/06/28 21:20,0,0,36.62,95.7,41.80,40.70,-1.10
　2024/06/28 21:30,0,0,36.61,95.5,41.80,40.60,-1.20
　2024/06/28 21:40,0,0,36.61,95.5,41.80,40.60,-1.20
　2024/06/28 21:50,0,0,36.61,95.5,41.80,40.62,-1.18
　2024/06/28 22:00,0,0,36.61,95.5,41.80,40.79,-1.01
　2024/06/28 22:10,0,0,36.61,95.5,41.80,40.26,-1.54
　2024/06/28 22:20,0,0,36.61,95.5,41.80,40.87,-0.93
　2024/06/28 22:30,0,0,36.61,95.5,41.02,41.02,0.00
　2024/06/28 22:40,0,0,36.61,95.5,40.91,40.91,0.00
　2024/06/28 22:50,0,0,36.60,95.4,38.87,40.65,1.78
　2024/06/28 23:00,0,0,36.60,95.4,38.87,35.16,-3.71
　2024/06/28 23:10,0,0,36.60,95.4,38.87,35.20,-3.67
　2024/06/28 23:20,0,0,36.60,95.4,38.87,35.32,-3.55
　2024/06/28 23:30,0,0,36.60,95.4,38.87,35.24,-3.63
　2024/06/28 23:40,0,0,36.60,95.4,38.87,35.60,-3.27
　2024/06/28 23:50,0,0,36.60,95.4,38.87,35.53,-3.34
　2024/06/28 24:00,0,0,36.60,95.4,38.87,35.63,-3.24
　2024/06/29 00:10,0,0,36.60,95.4,38.87,35.61,-3.26
　2024/06/29 00:20,0,0,36.60,95.4,38.87,35.53,-3.34
　2024/06/29 00:30,0,0,36.60,95.4,38.87,35.56,-3.31
　2024/06/29 00:40,0,0,36.60,95.4,38.87,35.27,-3.60
　2024/06/29 00:50,0,0,36.60,95.4,38.87,35.57,-3.30
　2024/06/29 01:00,0,0,36.60,95.4,38.87,35.49,-3.38
　2024/06/29 01:10,0,0,36.60,95.4,38.87,35.59,-3.28
　2024/06/29 01:20,0,0,36.60,95.4,38.87,35.44,-3.43
　2024/06/29 01:30,0,0,36.59,95.3,33.72,35.50,1.78
　2024/06/29 01:40,0,0,36.59,95.3,33.72,35.36,1.64
　2024/06/29 01:50,0,0,36.59,95.3,33.72,25.22,-8.50
　2024/06/29 02:00,0,0,36.59,95.3,33.72,25.20,-8.52
　2024/06/29 02:10,0,0,36.59,95.3,33.72,24.97,-8.75
　2024/06/29 02:20,0,0,36.59,95.3,33.72,24.80,-8.92
　2024/06/29 02:30,0,0,36.59,95.3,33.72,25.02,-8.70
　2024/06/29 02:40,0,0,36.59,95.3,33.72,25.00,-8.72
　2024/06/29 02:50,0,0,36.59,95.3,33.72,24.96,-8.76
　2024/06/29 03:00,0,0,36.59,95.3,33.72,24.98,-8.74
　2024/06/29 03:10,0,0,36.60,95.4,33.72,25.06,-8.66
　2024/06/29 03:20,0,0,36.60,95.4,33.72,24.93,-8.79
　2024/06/29 03:30,0,0,36.60,95.4,33.72,24.53,-9.19
　2024/06/29 03:40,1,1,36.60,95.4,33.72,24.59,-9.13
　2024/06/29 03:50,1,1,36.60,95.4,33.72,25.17,-8.55
　2024/06/29 04:00,1,1,36.60,95.4,33.72,24.76,-8.96
　2024/06/29 04:10,1,1,36.61,95.5,30.52,24.74,-5.78
　2024/06/29 04:20,1,1,36.61,95.5,30.52,24.96,-5.56
　2024/06/29 04:30,1,1,36.61,95.5,30.52,24.89,-5.63
　2024/06/29 04:40,0,1,36.61,95.5,30.52,25.13,-5.39
　2024/06/29 04:50,0,1,36.61,95.5,30.52,25.21,-5.31
　2024/06/29 05:00,0,1,36.61,95.5,30.52,24.58,-5.94
　2024/06/29 05:10,0,1,36.61,95.5,30.52,25.04,-5.48
　2024/06/29 05:20,2,3,36.61,95.5,30.52,25.00,-5.52
　2024/06/29 05:30,2,3,36.62,95.7,29.21,25.01,-4.20
　2024/06/29 05:40,2,3,36.62,95.7,29.21,25.03,-4.18
　2024/06/29 05:50,2,3,36.62,95.7,29.21,25.24,-3.97
　2024/06/29 06:00,2,3,36.62,95.7,29.21,25.25,-3.96
　2024/06/29 06:10,2,3,36.62,95.7,29.21,24.50,-4.71
　2024/06/29 06:20,0,3,36.62,95.7,29.21,24.67,-4.54
　2024/06/29 06:30,0,3,36.62,95.7,29.21,24.58,-4.63
　2024/06/29 06:40,0,3,36.62,95.7,29.21,25.11,-4.10
　2024/06/29 06:50,0,3,36.62,95.7,29.21,25.23,-3.98
　2024/06/29 07:00,0,3,36.63,95.8,28.77,25.06,-3.71
　2024/06/29 07:10,0,3,36.63,95.8,28.77,25.15,-3.62
　2024/06/29 07:20,0,3,36.63,95.8,28.77,25.13,-3.64
　2024/06/29 07:30,0,3,36.63,95.8,28.77,25.11,-3.66
　2024/06/29 07:40,0,3,36.63,95.8,28.77,25.25,-3.52
　2024/06/29 07:50,0,3,36.63,95.8,28.77,25.09,-3.68
　2024/06/29 08:00,0,3,36.63,95.8,28.77,25.25,-3.52
　2024/06/29 08:10,0,3,36.63,95.8,28.77,24.72,-4.05
　2024/06/29 08:20,0,3,36.63,95.8,28.77,24.60,-4.17
　2024/06/29 08:30,0,3,36.63,95.8,28.77,24.61,-4.16
　2024/06/29 08:40,0,3,36.63,95.8,28.77,24.80,-3.97
　2024/06/29 08:50,0,3,36.63,95.8,28.77,24.55,-4.22
　2024/06/29 09:00,0,3,36.63,95.8,28.77,25.11,-3.66
　2024/06/29 09:10,0,3,36.63,95.8,28.77,25.41,-3.36
　2024/06/29 09:20,0,3,36.63,95.8,28.77,25.18,-3.59
　2024/06/29 09:30,0,3,36.63,95.8,28.77,25.15,-3.62
　2024/06/29 09:40,0,3,36.64,95.9,27.09,25.12,-1.97
　2024/06/29 09:50,0,3,36.64,95.9,27.09,25.18,-1.91
　2024/06/29 10:00,0,3,36.64,95.9,27.09,30.51,3.42
　2024/06/29 10:10,0,3,36.64,95.9,27.09,30.43,3.34
　2024/06/29 10:20,0,3,36.64,95.9,27.09,30.46,3.37
　2024/06/29 10:30,0,3,36.64,95.9,27.09,30.41,3.32
　2024/06/29 10:40,0,3,36.64,95.9,27.09,30.38,3.29
　2024/06/29 10:50,0,3,36.64,95.9,27.09,30.32,3.23
　2024/06/29 11:00,0,3,36.64,95.9,27.09,30.47,3.38
　2024/06/29 11:10,0,3,36.64,95.9,27.09,30.48,3.39
　2024/06/29 11:20,0,3,36.64,95.9,27.09,30.52,3.43
　2024/06/29 11:30,0,3,36.64,95.9,27.09,30.36,3.27
　2024/06/29 11:40,0,3,36.64,95.9,27.09,30.08,2.99
　2024/06/29 11:50,0,3,36.64,95.9,27.09,30.00,2.91
　2024/06/29 12:00,0,0,36.63,95.8,27.09,32.33,5.24
　2024/06/29 12:10,0,0,36.63,95.8,27.09,32.25,5.16
　2024/06/29 12:20,0,0,36.63,95.8,27.09,32.25,5.16
　2024/06/29 12:30,0,0,36.63,95.8,27.09,32.26,5.17
　2024/06/29 12:40,0,0,36.63,95.8,27.09,32.42,5.33
　2024/06/29 12:50,0,0,36.62,95.7,26.71,32.39,5.68
　2024/06/29 13:00,0,0,36.62,95.7,26.71,32.34,5.63
　2024/06/29 13:10,0,0,36.62,95.7,26.71,32.23,5.52
　2024/06/29 13:20,0,0,36.62,95.7,26.71,32.28,5.57
　2024/06/29 13:30,0,0,36.62,95.7,26.71,32.44,5.73
　2024/06/29 13:40,0,0,36.61,95.5,25.58,32.22,6.64
　2024/06/29 13:50,0,0,36.61,95.5,25.58,32.37,6.79
　2024/06/29 14:00,0,0,36.61,95.5,25.58,29.97,4.39
　2024/06/29 14:10,0,0,36.61,95.5,25.58,30.08,4.50
　2024/06/29 14:20,0,0,36.61,95.5,25.58,29.99,4.41
　2024/06/29 14:30,0,0,36.61,95.5,25.58,29.98,4.40
　2024/06/29 14:40,0,0,36.61,95.5,25.58,29.94,4.36
　2024/06/29 14:50,0,0,36.61,95.5,25.58,29.79,4.21
　2024/06/29 15:00,0,0,36.60,95.4,26.15,29.88,3.73
　2024/06/29 15:10,0,0,36.60,95.4,26.15,30.23,4.08
　2024/06/29 15:20,0,0,36.60,95.4,26.15,30.28,4.13
　2024/06/29 15:30,0,0,36.60,95.4,26.15,30.17,4.02
　2024/06/29 15:40,0,0,36.60,95.4,26.15,30.26,4.11
　2024/06/29 15:50,0,0,36.60,95.4,26.15,30.35,4.20
　2024/06/29 16:00,0,0,36.60,95.4,26.15,30.28,4.13
　2024/06/29 16:10,0,0,36.60,95.4,26.15,30.09,3.94
　2024/06/29 16:20,0,0,36.59,95.3,25.97,30.44,4.47
　2024/06/29 16:30,0,0,36.59,95.3,25.97,30.12,4.15
　2024/06/29 16:40,0,0,36.59,95.3,25.97,30.25,4.28
　2024/06/29 16:50,0,0,36.59,95.3,25.97,30.45,4.48
　2024/06/29 17:00,0,0,36.59,95.3,25.97,30.21,4.24
　2024/06/29 17:10,0,0,36.59,95.3,25.97,30.40,4.43
　2024/06/29 17:20,0,0,36.58,95.2,24.71,30.30,5.59
　2024/06/29 17:30,0,0,36.58,95.2,24.71,30.02,5.31
　2024/06/29 17:40,0,0,36.58,95.2,24.71,30.59,5.88
　2024/06/29 17:50,0,0,36.58,95.2,24.71,30.19,5.48
　2024/06/29 18:00,0,0,36.58,95.2,24.71,29.85,5.14
　2024/06/29 18:10,0,0,36.58,95.2,24.71,29.92,5.21
　2024/06/29 18:20,0,0,36.57,95.1,24.10,29.92,5.82
　2024/06/29 18:30,0,0,36.57,95.1,24.10,30.37,6.27
　2024/06/29 18:40,0,0,36.57,95.1,24.10,30.38,6.28
　2024/06/29 18:50,0,0,36.57,95.1,24.10,30.38,6.28
　2024/06/29 19:00,0,0,36.57,95.1,24.10,30.55,6.45
　2024/06/29 19:10,1,1,36.57,95.1,24.10,29.82,5.72
　2024/06/29 19:20,1,1,36.56,95.0,25.23,29.81,4.58
　2024/06/29 19:30,2,2,36.56,95.0,25.23,29.93,4.70
　2024/06/29 19:40,2,2,36.56,95.0,25.23,29.62,4.39
　2024/06/29 19:50,3,3,36.56,95.0,25.23,30.09,4.86
　2024/06/29 20:00,3,3,36.56,95.0,25.23,29.55,4.32
　2024/06/29 20:10,3,4,36.56,95.0,25.23,30.16,4.93
　2024/06/29 20:20,3,4,36.56,95.0,25.23,30.22,4.99
　2024/06/29 20:30,2,4,36.56,95.0,25.23,30.30,5.07
　2024/06/29 20:40,3,5,36.56,95.0,25.23,29.73,4.50
　2024/06/29 20:50,2,5,36.55,94.9,25.94,29.82,3.88
　2024/06/29 21:00,2,5,36.55,94.9,25.94,29.75,3.81
　2024/06/29 21:10,2,6,36.55,94.9,25.94,29.81,3.87
　2024/06/29 21:20,2,6,36.55,94.9,25.94,29.72,3.78
　2024/06/29 21:30,2,6,36.55,94.9,25.94,29.78,3.84
　2024/06/29 21:40,1,6,36.55,94.9,25.94,29.86,3.92
　2024/06/29 21:50,2,7,36.54,94.8,24.82,29.77,4.95
　2024/06/29 22:00,2,7,36.54,94.8,24.82,30.32,5.50
　2024/06/29 22:10,1,7,36.54,94.8,24.82,30.13,5.31
　2024/06/29 22:20,2,8,36.54,94.8,24.82,30.11,5.29
　2024/06/29 22:30,2,8,36.54,94.8,24.82,30.34,5.52
　2024/06/29 22:40,2,8,36.54,94.8,24.82,30.07,5.25
　2024/06/29 22:50,1,8,36.54,94.8,24.82,30.18,5.36
　2024/06/29 23:00,1,8,36.53,94.6,25.34,29.74,4.40
　2024/06/29 23:10,1,8,36.53,94.6,25.34,30.19,4.85
　2024/06/29 23:20,0,8,36.53,94.6,25.34,29.63,4.29
　2024/06/29 23:30,0,8,36.53,94.6,25.34,29.69,4.35
　2024/06/29 23:40,0,8,36.53,94.6,25.34,29.81,4.47
　2024/06/29 23:50,0,8,36.53,94.6,25.34,30.12,4.78
　2024/06/29 24:00,0,8,36.53,94.6,25.34,30.03,4.69
　2024/06/30 00:10,0,8,36.53,94.6,25.34,29.71,4.37
　2024/06/30 00:20,0,8,36.53,94.6,25.34,29.90,4.56
　2024/06/30 00:30,0,8,36.53,94.6,25.34,29.94,4.60
　2024/06/30 00:40,0,8,36.53,94.6,25.34,30.38,5.04
　2024/06/30 00:50,0,8,36.52,94.5,26.73,30.21,3.48
　2024/06/30 01:00,0,8,36.52,94.5,26.73,30.16,3.43
　2024/06/30 01:10,0,8,36.52,94.5,26.73,30.17,3.44
　2024/06/30 01:20,0,8,36.52,94.5,26.73,29.88,3.15
　2024/06/30 01:30,0,8,36.52,94.5,26.73,29.96,3.23
　2024/06/30 01:40,0,8,36.52,94.5,26.73,30.09,3.36
　2024/06/30 01:50,0,8,36.52,94.5,26.73,30.11,3.38
　2024/06/30 02:00,0,8,36.52,94.5,26.73,30.16,3.43
　2024/06/30 02:10,0,8,36.51,94.4,26.26,30.26,4.00
　2024/06/30 02:20,0,8,36.51,94.4,26.26,30.15,3.89
　2024/06/30 02:30,0,8,36.51,94.4,26.26,29.94,3.68
　2024/06/30 02:40,1,9,36.51,94.4,26.26,30.09,3.83
　2024/06/30 02:50,1,9,36.51,94.4,26.26,30.14,3.88
　2024/06/30 03:00,1,9,36.51,94.4,26.26,29.99,3.73
　2024/06/30 03:10,2,10,36.51,94.4,26.26,29.99,3.73
　2024/06/30 03:20,2,10,36.51,94.4,26.26,29.91,3.65
　2024/06/30 03:30,2,10,36.51,94.4,26.26,30.26,4.00
　2024/06/30 03:40,2,11,36.51,94.4,26.26,30.08,3.82
　2024/06/30 03:50,2,11,36.51,94.4,26.26,29.97,3.71
　2024/06/30 04:00,2,11,36.51,94.4,26.26,29.86,3.60
　2024/06/30 04:10,2,12,36.51,94.4,26.26,29.96,3.70
　2024/06/30 04:20,2,12,36.51,94.4,26.26,29.96,3.70
　2024/06/30 04:30,2,12,36.51,94.4,26.26,29.81,3.55
　2024/06/30 04:40,1,12,36.50,94.3,27.74,29.98,2.24
　2024/06/30 04:50,1,12,36.50,94.3,27.74,29.98,2.24
　2024/06/30 05:00,1,12,36.50,94.3,27.74,30.28,2.54
　2024/06/30 05:10,0,12,36.50,94.3,27.74,30.19,2.45
　2024/06/30 05:20,0,12,36.50,94.3,27.74,30.10,2.36
　2024/06/30 05:30,0,12,36.50,94.3,27.74,30.22,2.48
　2024/06/30 05:40,0,12,36.50,94.3,27.74,30.37,2.63
　2024/06/30 05:50,0,12,36.50,94.3,27.74,29.65,1.91
　2024/06/30 06:00,0,12,36.50,94.3,27.74,29.68,1.94
　2024/06/30 06:10,0,12,36.50,94.3,27.74,29.59,1.85
　2024/06/30 06:20,0,12,36.50,94.3,27.74,29.65,1.91
　2024/06/30 06:30,0,12,36.50,94.3,27.74,29.57,1.83
　2024/06/30 06:40,0,12,36.50,94.3,27.74,29.67,1.93
　2024/06/30 06:50,0,12,36.50,94.3,27.74,29.56,1.82
　2024/06/30 07:00,0,12,36.50,94.3,27.74,29.35,1.61
　2024/06/30 07:10,1,13,36.50,94.3,27.74,30.00,2.26
　2024/06/30 07:20,4,16,36.50,94.3,27.74,29.82,2.08
　2024/06/30 07:30,6,18,36.50,94.3,27.74,30.15,2.41
　2024/06/30 07:40,7,19,36.50,94.3,27.74,30.26,2.52
　2024/06/30 07:50,7,19,36.50,94.3,27.74,30.15,2.41
　2024/06/30 08:00,7,19,36.50,94.3,27.74,30.22,2.48
　2024/06/30 08:10,6,19,36.50,94.3,27.74,29.62,1.88
　2024/06/30 08:20,3,19,36.50,94.3,27.74,29.69,1.95
　2024/06/30 08:30,1,19,36.50,94.3,27.74,30.10,2.36
　2024/06/30 08:40,0,19,36.50,94.3,27.74,30.07,2.33
　2024/06/30 08:50,0,19,36.50,94.3,27.74,29.73,1.99
　2024/06/30 09:00,0,19,36.50,94.3,27.74,29.71,1.97
　2024/06/30 09:10,0,19,36.50,94.3,27.74,29.68,1.94
　2024/06/30 09:20,0,19,36.50,94.3,27.74,29.77,2.03
　2024/06/30 09:30,0,19,36.51,94.4,27.74,29.75,2.01
　2024/06/30 09:40,0,19,36.51,94.4,27.74,29.60,1.86
　2024/06/30 09:50,0,19,36.51,94.4,27.74,29.86,2.12
　2024/06/30 10:00,1,20,36.51,94.4,27.74,30.06,2.32
　2024/06/30 10:10,1,20,36.51,94.4,27.74,30.19,2.45
　2024/06/30 10:20,1,20,36.51,94.4,27.74,29.96,2.22
　2024/06/30 10:30,1,20,36.51,94.4,27.74,30.11,2.37
　2024/06/30 10:40,2,21,36.51,94.4,30.09,30.09,0.00
　2024/06/30 10:50,3,22,36.52,94.5,31.74,30.06,-1.68
　2024/06/30 11:00,2,22,36.52,94.5,31.74,29.90,-1.84
　2024/06/30 11:10,2,22,36.52,94.5,31.74,30.17,-1.57
　2024/06/30 11:20,2,22,36.52,94.5,31.74,29.96,-1.78
　2024/06/30 11:30,2,22,36.52,94.5,31.74,29.92,-1.82
　2024/06/30 11:40,1,22,36.53,94.6,37.09,29.89,-7.20
　2024/06/30 11:50,0,22,36.53,94.6,37.09,30.07,-7.02
　2024/06/30 12:00,0,22,36.53,94.6,37.09,30.21,-6.88
　2024/06/30 12:10,0,22,36.53,94.6,37.09,29.89,-7.20
　2024/06/30 12:20,0,22,36.53,94.6,37.09,30.19,-6.90
　2024/06/30 12:30,0,22,36.54,94.8,36.02,30.04,-5.98
　2024/06/30 12:40,0,22,36.54,94.8,36.02,30.28,-5.74
　2024/06/30 12:50,0,22,36.54,94.8,36.02,30.26,-5.76
　2024/06/30 13:00,0,22,36.54,94.8,36.02,28.95,-7.07
　2024/06/30 13:10,0,22,36.54,94.8,36.02,28.40,-7.62
　2024/06/30 13:20,0,22,36.55,94.9,37.49,28.63,-8.86
　2024/06/30 13:30,0,22,36.55,94.9,37.49,29.18,-8.31
　2024/06/30 13:40,0,22,36.55,94.9,37.49,29.15,-8.34
　2024/06/30 13:50,0,22,36.55,94.9,37.49,28.75,-8.74
　2024/06/30 14:00,0,22,36.56,95.0,36.14,28.63,-7.51
　2024/06/30 14:10,0,22,36.56,95.0,36.14,28.70,-7.44
　2024/06/30 14:20,0,22,36.56,95.0,36.14,28.59,-7.55
　2024/06/30 14:30,0,22,36.56,95.0,36.14,28.65,-7.49
　2024/06/30 14:40,0,22,36.56,95.0,36.14,28.93,-7.21
　2024/06/30 14:50,0,22,36.57,95.1,36.14,28.56,-7.58
　2024/06/30 15:00,0,22,36.57,95.1,36.14,28.73,-7.41
　2024/06/30 15:10,0,22,36.57,95.1,36.14,28.72,-7.42
　2024/06/30 15:20,0,22,36.57,95.1,36.14,28.61,-7.53
　2024/06/30 15:30,0,22,36.57,95.1,36.14,28.70,-7.44
　2024/06/30 15:40,0,22,36.57,95.1,36.14,29.20,-6.94
　2024/06/30 15:50,0,22,36.58,95.2,34.56,29.36,-5.20
　2024/06/30 16:00,0,22,36.58,95.2,34.56,29.14,-5.42
　2024/06/30 16:10,0,22,36.58,95.2,34.56,29.12,-5.44
　2024/06/30 16:20,0,22,36.59,95.3,37.74,28.98,-8.76
　2024/06/30 16:30,0,22,36.59,95.3,37.74,29.24,-8.50
　2024/06/30 16:40,0,22,36.59,95.3,37.74,29.17,-8.57
　2024/06/30 16:50,0,22,36.59,95.3,37.74,28.82,-8.92
　2024/06/30 17:00,0,0,36.59,95.3,37.74,28.54,-9.20
　2024/06/30 17:10,0,0,36.59,95.3,37.74,28.80,-8.94
　2024/06/30 17:20,0,0,36.60,95.4,35.56,28.91,-6.65
　2024/06/30 17:30,0,0,36.60,95.4,35.56,28.95,-6.61
　2024/06/30 17:40,0,0,36.60,95.4,35.56,29.50,-6.06
　2024/06/30 17:50,0,0,36.60,95.4,35.56,33.83,-1.73
　2024/06/30 18:00,0,0,36.60,95.4,35.56,33.96,-1.60
　2024/06/30 18:10,0,0,36.60,95.4,35.56,34.11,-1.45
　2024/06/30 18:20,0,0,36.60,95.4,35.56,33.84,-1.72
　2024/06/30 18:30,0,0,36.61,95.5,36.52,34.09,-2.43
　2024/06/30 18:40,7,7,36.61,95.5,36.52,39.40,2.88
　2024/06/30 18:50,9,9,36.61,95.5,36.52,44.12,7.60
　2024/06/30 19:00,11,11,36.61,95.5,36.52,44.53,8.01
　2024/06/30 19:10,11,11,36.62,95.7,50.04,49.51,-0.53
　2024/06/30 19:20,11,11,36.62,95.7,50.04,54.51,4.47
　2024/06/30 19:30,11,11,36.61,95.5,50.04,54.11,4.07
　2024/06/30 19:40,4,11,36.61,95.5,50.04,54.08,4.04
　2024/06/30 19:50,2,11,36.61,95.5,50.04,54.36,4.32
　2024/06/30 20:00,0,11,36.61,95.5,50.04,54.50,4.46
　2024/06/30 20:10,0,11,36.61,95.5,50.04,54.64,4.60
　2024/06/30 20:20,0,11,36.60,95.4,46.54,54.38,7.84
　2024/06/30 20:30,0,11,36.60,95.4,43.07,45.45,2.38
　2024/06/30 20:40,0,11,36.60,95.4,41.84,49.84,8.00
　2024/06/30 20:50,0,11,36.60,95.4,48.30,50.17,1.87
　2024/06/30 21:00,0,11,36.60,95.4,50.41,50.47,0.06
　2024/06/30 21:10,0,11,36.60,95.4,50.23,50.27,0.04
　2024/06/30 21:20,0,11,36.60,95.4,50.29,50.35,0.06
　2024/06/30 21:30,0,11,36.60,95.4,43.53,62.39,18.86
　2024/06/30 21:40,0,11,36.59,95.3,47.83,62.08,14.25
　2024/06/30 21:50,1,12,36.59,95.3,41.25,62.14,20.89
　2024/06/30 22:00,1,12,36.59,95.3,41.25,62.07,20.82
　2024/06/30 22:10,3,14,36.58,95.2,41.25,62.10,20.85
　2024/06/30 22:20,6,17,36.58,95.2,41.25,62.29,21.04
　2024/06/30 22:30,6,17,36.59,95.3,41.25,61.94,20.69
　2024/06/30 22:40,6,17,36.59,95.3,41.25,68.95,27.70
　2024/06/30 22:50,5,17,36.59,95.3,41.25,69.59,28.34
　2024/06/30 23:00,5,17,36.58,95.2,41.25,69.39,28.14
　2024/06/30 23:10,3,17,36.58,95.2,41.25,69.43,28.18
　2024/06/30 23:20,0,17,36.58,95.2,41.25,69.31,28.06
　2024/06/30 23:30,0,17,36.58,95.2,41.25,69.40,28.15
　2024/06/30 23:40,0,17,36.57,95.1,63.21,69.43,6.22
　2024/06/30 23:50,0,17,36.57,95.1,63.21,69.45,6.24
　2024/06/30 24:00,0,17,36.57,95.1,63.21,69.66,6.45
　2024/07/01 00:10,0,17,36.57,95.1,63.21,69.74,6.53
　2024/07/01 00:20,0,17,36.57,95.1,63.21,69.83,6.62
　2024/07/01 00:30,0,17,36.57,95.1,63.21,69.78,6.57
　2024/07/01 00:40,0,17,36.57,95.1,63.21,69.90,6.69
　2024/07/01 00:50,1,18,36.57,95.1,63.21,69.44,6.23
　2024/07/01 01:00,1,18,36.57,95.1,63.21,69.25,6.04
　2024/07/01 01:10,1,18,36.57,95.1,63.21,69.17,5.96
　2024/07/01 01:20,1,18,36.58,95.2,63.21,69.84,6.63
　2024/07/01 01:30,1,18,36.58,95.2,63.21,80.88,17.67
　2024/07/01 01:40,2,19,36.58,95.2,63.21,81.41,18.20
　2024/07/01 01:50,1,19,36.59,95.3,76.78,80.78,4.00
　2024/07/01 02:00,3,21,36.60,95.4,124.85,97.24,-27.61
　2024/07/01 02:10,9,27,36.61,95.5,140.27,111.35,-28.92
　2024/07/01 02:20,10,28,36.60,95.4,140.27,137.93,-2.34
　2024/07/01 02:30,12,30,36.61,95.5,140.27,152.53,12.26
　2024/07/01 02:40,13,32,36.60,95.4,140.27,164.73,24.46
　2024/07/01 02:50,17,36,36.60,95.4,140.27,164.93,24.66
　2024/07/01 03:00,29,50,36.63,95.8,159.05,165.60,6.55
　2024/07/01 03:10,34,61,36.62,95.7,208.71,199.66,-9.05
　2024/07/01 03:20,37,65,36.66,96.1,271.93,235.61,-36.32
　2024/07/01 03:30,36,66,36.68,96.3,300.08,236.26,-63.82
　2024/07/01 03:40,34,66,36.70,96.6,375.35,286.00,-89.35
　2024/07/01 03:50,31,67,36.72,96.8,393.28,286.48,-106.80
　2024/07/01 04:00,17,67,36.72,96.8,343.50,352.54,9.04
　2024/07/01 04:10,6,67,36.75,97.1,354.95,398.77,43.82
　2024/07/01 04:20,2,67,36.78,97.5,463.29,406.70,-56.59
　2024/07/01 04:30,2,68,36.76,97.2,486.48,481.99,-4.49
　2024/07/01 04:40,2,68,36.82,97.9,544.89,506.98,-37.91
　2024/07/01 04:50,2,69,36.82,97.9,567.99,543.68,-24.31
　2024/07/01 05:00,3,70,36.84,98.2,604.82,576.78,-28.04
　2024/07/01 05:10,4,71,36.88,98.6,683.76,621.05,-62.71
　2024/07/01 05:20,5,72,36.88,98.6,669.88,638.95,-30.93
　2024/07/01 05:30,7,75,36.91,99.0,716.63,667.52,-49.11
　2024/07/01 05:40,8,76,36.91,99.0,739.59,683.87,-55.72
　2024/07/01 05:50,9,78,36.94,99.3,719.24,687.13,-32.11
　2024/07/01 06:00,8,78,36.96,99.5,767.62,698.65,-68.97
　2024/07/01 06:10,10,81,36.97,99.7,732.86,704.91,-27.95
　2024/07/01 06:20,13,85,36.99,99.9,779.02,709.92,-69.10
　2024/07/01 06:30,11,86,37.02,100.0,798.29,723.71,-74.58
　2024/07/01 06:40,11,87,37.04,100.0,799.15,738.23,-60.92
　2024/07/01 06:50,10,88,37.06,100.0,833.05,749.52,-83.53
　2024/07/01 07:00,11,89,37.09,100.0,821.43,760.75,-60.68
　2024/07/01 07:10,9,90,37.11,100.0,854.79,779.90,-74.89
　2024/07/01 07:20,6,91,37.12,100.0,823.82,781.10,-42.72
　2024/07/01 07:30,6,92,37.14,100.0,859.79,783.41,-76.38
　2024/07/01 07:40,6,93,37.16,100.0,840.67,785.79,-54.88
　2024/07/01 07:50,7,95,37.17,100.0,820.89,780.69,-40.20
　2024/07/01 08:00,10,99,37.18,100.0,824.37,779.68,-44.69
　2024/07/01 08:10,11,101,37.18,100.0,801.10,779.80,-21.30
　2024/07/01 08:20,12,103,37.18,100.0,779.73,779.58,-0.15
　2024/07/01 08:30,13,105,37.17,100.0,761.58,778.51,16.93
　2024/07/01 08:40,17,110,37.17,100.0,761.08,778.49,17.41
　2024/07/01 08:50,17,112,37.15,100.0,749.77,776.10,26.33
　2024/07/01 09:00,14,113,37.14,100.0,726.80,775.02,48.22
　2024/07/01 09:10,13,114,37.14,100.0,720.59,753.35,32.76
　2024/07/01 09:20,12,115,37.10,100.0,703.85,749.07,45.22
　2024/07/01 09:30,10,115,37.08,100.0,660.69,711.65,50.96
　2024/07/01 09:40,5,115,37.09,100.0,708.79,701.71,-7.08
　2024/07/01 09:50,3,115,37.07,100.0,641.17,699.47,58.30
　2024/07/01 10:00,2,115,37.04,100.0,628.99,696.64,67.65
　2024/07/01 10:10,1,115,37.03,100.0,626.61,695.62,69.01
　2024/07/01 10:20,0,115,37.00,100.0,603.40,692.62,89.22
　2024/07/01 10:30,0,115,36.98,99.8,620.96,651.88,30.92
　2024/07/01 10:40,0,115,36.95,99.4,565.41,648.79,83.38
　2024/07/01 10:50,0,115,36.92,99.1,551.06,645.75,94.69
　2024/07/01 11:00,0,115,36.91,99.0,542.30,602.41,60.11
　2024/07/01 11:10,0,115,36.87,98.5,552.84,598.63,45.79
　2024/07/01 11:20,0,115,36.85,98.3,506.29,596.93,90.64
　2024/07/01 11:30,0,115,36.82,97.9,500.51,594.19,93.68
　2024/07/01 11:40,0,115,36.79,97.6,494.05,550.78,56.73
　2024/07/01 11:50,1,116,36.77,97.4,486.40,549.21,62.81
　2024/07/01 12:00,1,116,36.75,97.1,457.19,547.63,90.44
　2024/07/01 12:10,1,116,36.72,96.8,435.05,502.30,67.25
　2024/07/01 12:20,2,117,36.71,96.7,459.01,501.33,42.32
　2024/07/01 12:30,3,118,36.68,96.3,415.77,498.89,83.12
　2024/07/01 12:40,4,119,36.66,96.1,407.33,497.54,90.21
　2024/07/01 12:50,3,119,36.63,95.8,429.34,495.03,65.69
　2024/07/01 13:00,3,119,36.60,95.4,393.34,492.54,99.20
　2024/07/01 13:10,3,119,36.63,95.8,475.90,394.14,-81.76
　2024/07/01 13:20,2,119,36.61,95.5,407.39,392.97,-14.42
　2024/07/01 13:30,1,119,36.58,95.2,392.61,392.00,-0.61
　2024/07/01 13:40,0,119,36.60,95.4,359.18,392.67,33.49
　2024/07/01 13:50,0,119,36.59,95.3,375.76,392.38,16.62
　2024/07/01 14:00,0,119,36.59,95.3,383.57,392.36,8.79
　2024/07/01 14:10,0,119,36.57,95.1,372.31,390.94,18.63
　2024/07/01 14:20,0,119,36.56,95.0,351.33,380.02,28.69
　2024/07/01 14:30,0,119,36.56,95.0,354.45,379.78,25.33
　2024/07/01 14:40,0,119,36.54,94.8,351.34,363.07,11.73
　2024/07/01 14:50,0,119,36.53,94.6,348.04,359.17,11.13
　2024/07/01 15:00,0,119,36.53,94.6,325.66,319.73,-5.93
　2024/07/01 15:10,1,120,36.53,94.6,333.64,319.82,-13.82
　2024/07/01 15:20,1,120,36.52,94.5,330.25,319.28,-10.97
　2024/07/01 15:30,2,121,36.52,94.5,321.78,319.42,-2.36
　2024/07/01 15:40,2,121,36.52,94.5,309.39,319.19,9.80
　2024/07/01 15:50,2,121,36.52,94.5,309.23,319.20,9.97
　2024/07/01 16:00,2,121,36.51,94.4,318.12,318.70,0.58
　2024/07/01 16:10,1,121,36.50,94.3,305.74,318.65,12.91
　2024/07/01 16:20,1,121,36.51,94.4,299.74,290.50,-9.24
　2024/07/01 16:30,1,122,36.50,94.3,287.89,290.05,2.16
　2024/07/01 16:40,1,122,36.50,94.3,287.17,289.94,2.77
　2024/07/01 16:50,2,123,36.51,94.4,285.55,261.54,-24.01
　2024/07/01 17:00,3,124,36.51,94.4,285.03,261.81,-23.22
　2024/07/01 17:10,3,124,36.51,94.4,278.99,261.53,-17.46
　2024/07/01 17:20,4,125,36.51,94.4,267.45,261.70,-5.75
　2024/07/01 17:30,3,125,36.51,94.4,261.78,261.81,0.03
　2024/07/01 17:40,3,125,36.52,94.5,270.76,262.13,-8.63
　2024/07/01 17:50,2,125,36.52,94.5,273.12,262.10,-11.02
　2024/07/01 18:00,1,125,36.51,94.4,272.12,261.68,-10.44
　2024/07/01 18:10,1,125,36.51,94.4,253.13,261.75,8.62
　2024/07/01 18:20,0,125,36.51,94.4,250.76,261.71,10.95
　2024/07/01 18:30,0,125,36.50,94.3,250.64,261.53,10.89
　2024/07/01 18:40,0,125,36.50,94.3,252.36,229.10,-23.26
　2024/07/01 18:50,0,125,36.50,94.3,243.80,229.05,-14.75
　2024/07/01 19:00,0,125,36.50,94.3,229.57,229.11,-0.46
　2024/07/01 19:10,0,125,36.50,94.3,226.97,229.13,2.16
　2024/07/01 19:20,0,125,36.50,94.3,224.60,210.09,-14.51
　2024/07/01 19:30,0,125,36.52,94.5,239.34,203.21,-36.13
　2024/07/01 19:40,0,125,36.51,94.4,226.16,202.77,-23.39
　2024/07/01 19:50,0,125,36.51,94.4,217.47,202.86,-14.61
　2024/07/01 20:00,0,125,36.51,94.4,198.47,202.86,4.39
　2024/07/01 20:10,0,125,36.52,94.5,210.74,203.17,-7.57
　2024/07/01 20:20,0,125,36.52,94.5,214.17,203.01,-11.16
　2024/07/01 20:30,0,125,36.51,94.4,210.89,202.99,-7.90
　2024/07/01 20:40,0,125,36.51,94.4,195.27,202.95,7.68
　2024/07/01 20:50,0,125,36.51,94.4,191.84,203.01,11.17
　2024/07/01 21:00,0,125,36.51,94.4,195.13,203.01,7.88
　2024/07/01 21:10,0,125,36.51,94.4,202.94,203.05,0.11
　2024/07/01 21:20,0,125,36.50,94.3,192.84,202.83,9.99
　2024/07/01 21:30,0,125,36.51,94.4,195.08,170.25,-24.83
　2024/07/01 21:40,0,125,36.51,94.4,189.32,170.16,-19.16
　2024/07/01 21:50,0,125,36.51,94.4,189.61,170.00,-19.61
　2024/07/01 22:00,0,125,36.51,94.4,176.43,170.15,-6.28
　2024/07/01 22:10,0,125,36.52,94.5,177.96,170.54,-7.42
　2024/07/01 22:20,0,125,36.52,94.5,181.39,170.44,-10.95
　2024/07/01 22:30,0,125,36.52,94.5,181.48,170.09,-11.39
　2024/07/01 22:40,0,125,36.52,94.5,174.83,170.49,-4.34
　2024/07/01 22:50,0,125,36.53,94.6,171.48,170.64,-0.84
　2024/07/01 23:00,0,125,36.53,94.6,181.56,170.73,-10.83
　2024/07/01 23:10,0,125,36.53,94.6,181.67,170.54,-11.13
　2024/07/01 23:20,0,125,36.53,94.6,180.63,170.60,-10.03
　2024/07/01 23:30,0,125,36.53,94.6,170.60,170.70,0.10
　2024/07/01 23:40,1,126,36.53,94.6,170.56,170.97,0.41
　2024/07/01 23:50,1,126,36.53,94.6,170.54,170.74,0.20
　2024/07/01 24:00,1,126,36.53,94.6,170.57,170.67,0.10
　2024/07/02 00:10,1,126,36.53,94.6,170.60,170.48,-0.12
　2024/07/02 00:20,1,126,36.52,94.5,168.39,170.10,1.71
　2024/07/02 00:30,1,126,36.52,94.5,159.39,170.55,11.16
　2024/07/02 00:40,0,126,36.52,94.5,159.29,170.43,11.14
　2024/07/02 00:50,0,126,36.51,94.4,156.96,170.32,13.36
　2024/07/02 01:00,0,126,36.51,94.4,159.11,170.08,10.97
　2024/07/02 01:10,0,126,36.50,94.3,156.82,170.10,13.28
　2024/07/02 01:20,0,126,36.50,94.3,152.24,170.18,17.94
　2024/07/02 01:30,0,126,36.51,94.4,160.29,131.43,-28.86
　2024/07/02 01:40,0,126,36.50,94.3,153.39,131.36,-22.03
　2024/07/02 01:50,0,126,36.50,94.3,148.69,120.36,-28.33
　2024/07/02 02:00,0,126,36.51,94.4,133.25,120.59,-12.66
　2024/07/02 02:10,0,126,36.52,94.5,134.80,120.74,-14.06
　2024/07/02 02:20,0,126,36.53,94.6,148.78,121.13,-27.65
　2024/07/02 02:30,1,127,36.53,94.6,148.73,120.83,-27.90
　2024/07/02 02:40,2,128,36.53,94.6,139.93,120.85,-19.08
　2024/07/02 02:50,2,128,36.54,94.8,134.49,121.56,-12.93
　2024/07/02 03:00,2,128,36.55,94.9,139.11,121.85,-17.26
　2024/07/02 03:10,2,128,36.56,95.0,148.25,121.80,-26.45
　2024/07/02 03:20,2,128,36.56,95.0,143.97,121.92,-22.05
　2024/07/02 03:30,1,128,36.56,95.0,137.36,121.90,-15.46
　2024/07/02 03:40,0,128,36.57,95.1,136.33,121.91,-14.42
　2024/07/02 03:50,0,128,36.58,95.2,136.38,122.03,-14.35
　2024/07/02 04:00,0,128,36.58,95.2,144.28,122.30,-21.98
　2024/07/02 04:10,0,128,36.58,95.2,136.57,121.98,-14.59
　2024/07/02 04:20,0,128,36.59,95.3,135.53,122.05,-13.48
　2024/07/02 04:30,0,128,36.59,95.3,135.40,133.54,-1.86
　2024/07/02 04:40,0,128,36.59,95.3,139.12,133.43,-5.69
　2024/07/02 04:50,0,128,36.59,95.3,137.33,139.94,2.61
　2024/07/02 05:00,0,128,36.59,95.3,135.00,139.96,4.96
　2024/07/02 05:10,0,128,36.59,95.3,137.22,139.81,2.59
　2024/07/02 05:20,0,128,36.59,95.3,139.35,139.40,0.05
　2024/07/02 05:30,0,128,36.59,95.3,139.84,139.54,-0.30
　2024/07/02 05:40,0,128,36.58,95.2,131.86,139.29,7.43
　2024/07/02 05:50,0,128,36.58,95.2,128.30,139.46,11.16
　2024/07/02 06:00,1,129,36.58,95.2,128.22,139.32,11.10
　2024/07/02 06:10,4,132,36.57,95.1,134.87,139.13,4.26
　2024/07/02 06:20,4,132,36.57,95.1,128.14,139.16,11.02
　2024/07/02 06:30,4,132,36.57,95.1,127.87,132.45,4.58
　2024/07/02 06:40,5,133,36.57,95.1,127.05,132.43,5.38
　2024/07/02 06:50,5,133,36.56,95.0,128.15,132.65,4.50
　2024/07/02 07:00,4,133,36.56,95.0,121.63,132.36,10.73
　2024/07/02 07:10,2,134,36.56,95.0,120.92,123.57,2.65
　2024/07/02 07:20,2,134,36.56,95.0,125.08,123.61,-1.47
　2024/07/02 07:30,3,135,36.56,95.0,126.65,123.82,-2.83
　2024/07/02 07:40,12,145,36.56,95.0,124.08,123.66,-0.42
　2024/07/02 07:50,16,149,36.56,95.0,123.70,123.73,0.03
　2024/07/02 08:00,16,149,36.57,95.1,133.77,123.86,-9.91
　2024/07/02 08:10,16,150,36.58,95.2,143.87,123.88,-19.99
　2024/07/02 08:20,18,152,36.58,95.2,134.59,154.59,20.00
　2024/07/02 08:30,19,154,36.59,95.3,164.40,155.21,-9.19
　2024/07/02 08:40,9,154,36.58,95.2,151.68,168.90,17.22
　2024/07/02 08:50,6,155,36.59,95.3,188.17,176.83,-11.34
　2024/07/02 09:00,11,160,36.58,95.2,161.42,197.99,36.57
　2024/07/02 09:10,14,164,36.57,95.1,187.97,197.79,9.82
　2024/07/02 09:20,12,164,36.58,95.2,184.51,198.03,13.52
　2024/07/02 09:30,10,164,36.57,95.1,212.59,223.04,10.45
　2024/07/02 09:40,11,165,36.56,95.0,169.24,222.55,53.31
　2024/07/02 09:50,16,171,36.56,95.0,205.85,222.61,16.76
　2024/07/02 10:00,15,175,36.56,95.0,222.80,223.81,1.01
　2024/07/02 10:10,18,182,36.56,95.0,231.15,239.25,8.10
　2024/07/02 10:20,21,185,36.56,95.0,236.85,251.45,14.60
　2024/07/02 10:30,24,188,36.56,95.0,234.48,251.62,17.14
　2024/07/02 10:40,25,190,36.56,95.0,286.60,293.27,6.67
　2024/07/02 10:50,19,190,36.56,95.0,283.65,293.02,9.37
　2024/07/02 11:00,15,190,36.56,95.0,289.78,293.10,3.32
　2024/07/02 11:10,9,191,36.57,95.1,330.68,324.91,-5.77
　2024/07/02 11:20,6,191,36.57,95.1,322.31,328.94,6.63
　2024/07/02 11:30,3,191,36.57,95.1,329.09,329.17,0.08
　2024/07/02 11:40,6,196,36.58,95.2,342.69,336.36,-6.33
　2024/07/02 11:50,7,197,36.57,95.1,347.48,359.70,12.22
　2024/07/02 12:00,7,197,36.57,95.1,338.26,359.59,21.33
　2024/07/02 12:10,6,197,36.57,95.1,359.51,359.64,0.13
　2024/07/02 12:20,6,197,36.57,95.1,359.45,359.58,0.13
　2024/07/02 12:30,6,197,36.57,95.1,359.49,359.25,-0.24
　2024/07/02 12:40,1,197,36.57,95.1,359.40,359.36,-0.04
　2024/07/02 12:50,0,197,36.57,95.1,359.42,359.75,0.33
　2024/07/02 13:00,0,197,36.57,95.1,359.41,359.33,-0.08
　2024/07/02 13:10,1,198,36.56,95.0,332.43,359.17,26.74
　2024/07/02 13:20,1,198,36.56,95.0,352.30,359.01,6.71
　2024/07/02 13:30,1,198,36.56,95.0,358.97,359.13,0.16
　2024/07/02 13:40,1,198,36.55,94.9,324.62,347.68,23.06
　2024/07/02 13:50,1,198,36.55,94.9,349.98,347.34,-2.64
　2024/07/02 14:00,1,198,36.54,94.8,320.35,347.06,26.71
　2024/07/02 14:10,0,198,36.54,94.8,340.12,340.67,0.55
　2024/07/02 14:20,0,198,36.53,94.6,322.61,331.52,8.91
　2024/07/02 14:30,0,198,36.54,94.8,331.50,303.27,-28.23
　2024/07/02 14:40,0,198,36.54,94.8,325.63,303.71,-21.92
　2024/07/02 14:50,0,198,36.54,94.8,319.29,303.41,-15.88
　2024/07/02 15:00,1,199,36.54,94.8,309.89,303.63,-6.26
　2024/07/02 15:10,1,199,36.54,94.8,303.57,303.70,0.13
　2024/07/02 15:20,1,199,36.54,94.8,303.55,303.71,0.16
　2024/07/02 15:30,1,199,36.54,94.8,303.58,303.44,-0.14
　2024/07/02 15:40,1,199,36.54,94.8,303.60,303.81,0.21
　2024/07/02 15:50,1,199,36.54,94.8,303.64,303.49,-0.15
　2024/07/02 16:00,0,199,36.54,94.8,303.63,303.44,-0.19
　2024/07/02 16:10,0,199,36.53,94.6,296.88,303.18,6.30
　2024/07/02 16:20,0,199,36.53,94.6,292.26,303.28,11.02
　2024/07/02 16:30,0,199,36.53,94.6,292.12,303.11,10.99
　2024/07/02 16:40,0,199,36.52,94.5,289.75,302.84,13.09
　2024/07/02 16:50,0,199,36.51,94.4,289.63,302.66,13.03
　2024/07/02 17:00,0,199,36.51,94.4,280.45,302.23,21.78
　2024/07/02 17:10,0,199,36.51,94.4,284.33,278.25,-6.08
　2024/07/02 17:20,0,199,36.51,94.4,283.58,257.46,-26.12
　2024/07/02 17:30,0,199,36.51,94.4,277.54,257.53,-20.01
　2024/07/02 17:40,0,199,36.51,94.4,267.42,257.69,-9.73
　2024/07/02 17:50,0,199,36.51,94.4,257.62,257.90,0.28
　2024/07/02 18:00,0,199,36.51,94.4,257.70,257.54,-0.16
　2024/07/02 18:10,0,199,36.51,94.4,257.73,257.58,-0.15
　2024/07/02 18:20,0,199,36.51,94.4,257.67,257.70,0.03
　2024/07/02 18:30,0,199,36.51,94.4,257.60,257.44,-0.16
　2024/07/02 18:40,0,199,36.51,94.4,257.57,257.69,0.12
　2024/07/02 18:50,0,199,36.51,94.4,257.56,257.56,0.00
　2024/07/02 19:00,0,199,36.51,94.4,257.56,257.60,0.04
　2024/07/02 19:10,0,199,36.51,94.4,250.70,216.89,-33.81
　2024/07/02 19:20,0,199,36.51,94.4,242.93,216.96,-25.97
　2024/07/02 19:30,0,199,36.51,94.4,229.39,217.23,-12.16
　2024/07/02 19:40,0,199,36.51,94.4,222.72,216.94,-5.78
　2024/07/02 19:50,0,199,36.52,94.5,224.83,217.35,-7.48
　2024/07/02 20:00,0,199,36.53,94.6,232.75,217.61,-15.14
　2024/07/02 20:10,0,199,36.53,94.6,239.63,217.72,-21.91
　2024/07/02 20:20,0,199,36.53,94.6,231.99,217.48,-14.51
　2024/07/02 20:30,0,199,36.53,94.6,224.27,217.78,-6.49
　2024/07/02 20:40,0,199,36.53,94.6,217.58,217.81,0.23
　2024/07/02 20:50,0,199,36.53,94.6,217.58,217.70,0.12
　2024/07/02 21:00,0,0,36.53,94.6,217.58,217.46,-0.12
　2024/07/02 21:10,0,0,36.53,94.6,217.55,217.70,0.15
　2024/07/02 21:20,0,0,36.52,94.5,213.09,217.11,4.02
　2024/07/02 21:30,0,0,36.52,94.5,206.30,217.15,10.85
　2024/07/02 21:40,0,0,36.51,94.4,197.23,217.08,19.85
　2024/07/02 21:50,0,0,36.51,94.4,199.27,217.02,17.75
　2024/07/02 22:00,0,0,36.50,94.3,203.62,216.76,13.14
　2024/07/02 22:10,0,0,36.51,94.4,206.10,179.29,-26.81
　2024/07/02 22:20,0,0,36.52,94.5,198.30,145.32,-52.98
　2024/07/02 22:30,0,0,36.51,94.4,185.23,144.88,-40.35
　2024/07/02 22:40,0,0,36.53,94.6,177.76,145.29,-32.47
　2024/07/02 22:50,0,0,36.54,94.8,175.12,145.83,-29.29
　2024/07/02 23:00,0,0,36.55,94.9,180.09,145.93,-34.16
　2024/07/02 23:10,0,0,36.56,95.0,184.82,146.24,-38.58
　2024/07/02 23:20,0,0,36.57,95.1,181.67,146.51,-35.16
　2024/07/02 23:30,0,0,36.58,95.2,175.12,145.98,-29.14
　2024/07/02 23:40,0,0,36.59,95.3,174.10,146.45,-27.65
　2024/07/02 23:50,0,0,36.60,95.4,173.12,146.66,-26.46
　2024/07/02 24:00,0,0,36.60,95.4,176.61,147.16,-29.45
